,subID,status,dataset
0,sub-0050656,True,ABIDE I
1,sub-0050642,True,ABIDE I
2,sub-0050666,True,ABIDE I
3,sub-0050665,True,ABIDE I
4,sub-0050654,True,ABIDE I
5,sub-0050659,True,ABIDE I
6,sub-0050668,True,ABIDE I
7,sub-0050663,True,ABIDE I
8,sub-0050646,True,ABIDE I
9,sub-0050649,True,ABIDE I
10,sub-0050660,True,ABIDE I
11,sub-0050664,True,ABIDE I
12,sub-0050647,True,ABIDE I
13,sub-0050653,True,ABIDE I
14,sub-0050645,True,ABIDE I
15,sub-0050661,True,ABIDE I
16,sub-0050651,True,ABIDE I
17,sub-0050669,True,ABIDE I
18,sub-0050643,True,ABIDE I
19,sub-0050652,True,ABIDE I
20,sub-0050667,True,ABIDE I
21,sub-0050658,True,ABIDE I
22,sub-0050657,True,ABIDE I
23,sub-0050650,True,ABIDE I
24,sub-0050644,True,ABIDE I
25,sub-0050655,True,ABIDE I
26,sub-0050648,True,ABIDE I
27,sub-0051484,True,ABIDE I
28,sub-0051459,True,ABIDE I
30,sub-0051472,True,ABIDE I
31,sub-0051476,True,ABIDE I
32,sub-0051493,True,ABIDE I
33,sub-0051465,True,ABIDE I
34,sub-0051478,True,ABIDE I
35,sub-0051480,True,ABIDE I
36,sub-0051492,True,ABIDE I
37,sub-0051473,True,ABIDE I
39,sub-0051456,True,ABIDE I
40,sub-0051467,True,ABIDE I
41,sub-0051485,True,ABIDE I
43,sub-0051471,True,ABIDE I
44,sub-0051462,True,ABIDE I
47,sub-0051474,True,ABIDE I
48,sub-0051483,True,ABIDE I
49,sub-0051468,True,ABIDE I
50,sub-0051469,True,ABIDE I
51,sub-0051491,True,ABIDE I
53,sub-0051487,True,ABIDE I
54,sub-0051463,True,ABIDE I
55,sub-0051482,True,ABIDE I
56,sub-0051488,True,ABIDE I
57,sub-0051489,True,ABIDE I
58,sub-0051470,True,ABIDE I
59,sub-0051461,True,ABIDE I
60,sub-0051464,True,ABIDE I
61,sub-0051457,True,ABIDE I
62,sub-0051475,True,ABIDE I
63,sub-0051458,True,ABIDE I
64,sub-0051481,True,ABIDE I
65,sub-0050773,True,ABIDE I
66,sub-0050798,True,ABIDE I
67,sub-0050789,True,ABIDE I
68,sub-0050807,True,ABIDE I
69,sub-0050778,True,ABIDE I
70,sub-0050784,True,ABIDE I
71,sub-0050821,True,ABIDE I
72,sub-0050775,True,ABIDE I
73,sub-0050792,True,ABIDE I
74,sub-0050824,True,ABIDE I
75,sub-0050819,True,ABIDE I
76,sub-0050813,True,ABIDE I
77,sub-0050820,True,ABIDE I
78,sub-0050800,True,ABIDE I
79,sub-0050791,True,ABIDE I
80,sub-0050776,True,ABIDE I
81,sub-0050779,True,ABIDE I
82,sub-0050809,True,ABIDE I
83,sub-0050823,True,ABIDE I
84,sub-0050783,True,ABIDE I
85,sub-0050825,True,ABIDE I
86,sub-0050796,True,ABIDE I
87,sub-0050799,True,ABIDE I
88,sub-0050797,True,ABIDE I
89,sub-0050782,True,ABIDE I
90,sub-0050816,True,ABIDE I
91,sub-0050781,True,ABIDE I
93,sub-0050777,True,ABIDE I
94,sub-0050804,True,ABIDE I
95,sub-0050803,True,ABIDE I
96,sub-0050780,True,ABIDE I
97,sub-0050814,True,ABIDE I
98,sub-0050790,True,ABIDE I
99,sub-0050810,True,ABIDE I
100,sub-0050786,True,ABIDE I
101,sub-0050774,True,ABIDE I
102,sub-0050808,True,ABIDE I
103,sub-0050787,True,ABIDE I
104,sub-0050801,True,ABIDE I
105,sub-0050795,True,ABIDE I
106,sub-0050806,True,ABIDE I
107,sub-0050822,True,ABIDE I
108,sub-0050815,True,ABIDE I
109,sub-0050812,True,ABIDE I
110,sub-0050794,True,ABIDE I
111,sub-0050805,True,ABIDE I
112,sub-0050788,True,ABIDE I
113,sub-0050826,True,ABIDE I
114,sub-0050817,True,ABIDE I
115,sub-0050772,True,ABIDE I
116,sub-0050818,True,ABIDE I
117,sub-0050811,True,ABIDE I
118,sub-0050785,True,ABIDE I
119,sub-0050793,True,ABIDE I
120,sub-0050694,True,ABIDE I
121,sub-0050699,True,ABIDE I
122,sub-0050693,True,ABIDE I
123,sub-0050702,True,ABIDE I
124,sub-0050683,True,ABIDE I
125,sub-0050706,True,ABIDE I
126,sub-0050707,True,ABIDE I
127,sub-0050705,True,ABIDE I
128,sub-0050701,True,ABIDE I
129,sub-0050704,True,ABIDE I
130,sub-0050700,True,ABIDE I
131,sub-0050695,True,ABIDE I
132,sub-0050696,True,ABIDE I
133,sub-0050689,True,ABIDE I
134,sub-0050703,True,ABIDE I
135,sub-0050685,True,ABIDE I
136,sub-0050711,True,ABIDE I
137,sub-0050697,True,ABIDE I
138,sub-0050692,True,ABIDE I
139,sub-0050686,True,ABIDE I
140,sub-0050710,True,ABIDE I
141,sub-0050690,True,ABIDE I
142,sub-0050708,True,ABIDE I
143,sub-0050687,True,ABIDE I
144,sub-0050682,True,ABIDE I
145,sub-0050698,True,ABIDE I
146,sub-0050691,True,ABIDE I
147,sub-0050709,True,ABIDE I
148,sub-0050688,True,ABIDE I
149,sub-0050739,True,ABIDE I
150,sub-0050731,True,ABIDE I
151,sub-0050756,True,ABIDE I
152,sub-0050740,True,ABIDE I
153,sub-0050732,True,ABIDE I
154,sub-0050743,True,ABIDE I
155,sub-0050723,True,ABIDE I
156,sub-0050734,True,ABIDE I
157,sub-0050746,True,ABIDE I
158,sub-0050747,True,ABIDE I
159,sub-0050751,True,ABIDE I
160,sub-0050757,True,ABIDE I
161,sub-0050742,True,ABIDE I
162,sub-0050744,True,ABIDE I
163,sub-0050750,True,ABIDE I
164,sub-0050735,True,ABIDE I
165,sub-0050753,True,ABIDE I
166,sub-0050755,True,ABIDE I
167,sub-0050724,True,ABIDE I
168,sub-0050727,True,ABIDE I
169,sub-0050748,True,ABIDE I
170,sub-0050752,True,ABIDE I
171,sub-0050733,True,ABIDE I
172,sub-0050725,True,ABIDE I
173,sub-0050754,True,ABIDE I
174,sub-0050749,True,ABIDE I
175,sub-0050736,True,ABIDE I
176,sub-0050726,True,ABIDE I
177,sub-0050737,True,ABIDE I
178,sub-0050722,True,ABIDE I
179,sub-0050738,True,ABIDE I
180,sub-0050728,True,ABIDE I
181,sub-0050745,True,ABIDE I
182,sub-0050730,True,ABIDE I
183,sub-0050741,True,ABIDE I
184,sub-0051364,True,ABIDE I
185,sub-0051320,True,ABIDE I
186,sub-0051362,True,ABIDE I
187,sub-0051606,True,ABIDE I
188,sub-0051366,True,ABIDE I
189,sub-0051363,True,ABIDE I
190,sub-0051372,True,ABIDE I
191,sub-0051368,True,ABIDE I
192,sub-0051370,True,ABIDE I
193,sub-0051373,True,ABIDE I
194,sub-0051318,True,ABIDE I
195,sub-0051319,True,ABIDE I
196,sub-0051365,True,ABIDE I
197,sub-0051371,True,ABIDE I
198,sub-0051367,True,ABIDE I
199,sub-0051321,True,ABIDE I
200,sub-0051369,True,ABIDE I
201,sub-0051607,True,ABIDE I
202,sub-0051326,True,ABIDE I
203,sub-0051322,True,ABIDE I
204,sub-0051325,True,ABIDE I
205,sub-0051323,True,ABIDE I
206,sub-0051324,True,ABIDE I
207,sub-0051327,True,ABIDE I
208,sub-0051338,True,ABIDE I
209,sub-0051340,True,ABIDE I
210,sub-0051345,True,ABIDE I
211,sub-0051348,True,ABIDE I
212,sub-0051328,True,ABIDE I
213,sub-0051343,True,ABIDE I
214,sub-0051339,True,ABIDE I
215,sub-0051341,True,ABIDE I
216,sub-0051336,True,ABIDE I
217,sub-0051334,True,ABIDE I
218,sub-0051346,True,ABIDE I
219,sub-0051347,True,ABIDE I
220,sub-0051332,True,ABIDE I
221,sub-0051344,True,ABIDE I
222,sub-0051335,True,ABIDE I
223,sub-0051333,True,ABIDE I
224,sub-0051342,True,ABIDE I
225,sub-0051329,True,ABIDE I
226,sub-0051331,True,ABIDE I
227,sub-0051358,True,ABIDE I
228,sub-0051360,True,ABIDE I
229,sub-0051353,True,ABIDE I
230,sub-0051355,True,ABIDE I
231,sub-0051351,True,ABIDE I
232,sub-0051361,True,ABIDE I
233,sub-0051357,True,ABIDE I
234,sub-0051356,True,ABIDE I
235,sub-0051349,True,ABIDE I
236,sub-0051354,True,ABIDE I
237,sub-0051352,True,ABIDE I
238,sub-0051359,True,ABIDE I
239,sub-0051350,True,ABIDE I
240,sub-0051330,True,ABIDE I
241,sub-0051000,True,ABIDE I
242,sub-0050969,True,ABIDE I
243,sub-0051082,True,ABIDE I
244,sub-0051130,True,ABIDE I
245,sub-0050954,True,ABIDE I
246,sub-0051105,True,ABIDE I
247,sub-0050966,True,ABIDE I
248,sub-0051121,True,ABIDE I
249,sub-0050995,True,ABIDE I
250,sub-0051028,True,ABIDE I
251,sub-0051008,True,ABIDE I
252,sub-0051127,True,ABIDE I
253,sub-0051058,True,ABIDE I
254,sub-0051012,True,ABIDE I
255,sub-0051040,True,ABIDE I
256,sub-0051120,True,ABIDE I
257,sub-0051126,True,ABIDE I
258,sub-0050964,True,ABIDE I
259,sub-0051095,True,ABIDE I
260,sub-0051014,True,ABIDE I
261,sub-0051051,True,ABIDE I
262,sub-0051013,True,ABIDE I
263,sub-0051036,True,ABIDE I
264,sub-0051089,True,ABIDE I
265,sub-0050958,True,ABIDE I
266,sub-0050994,True,ABIDE I
267,sub-0051076,True,ABIDE I
268,sub-0051109,True,ABIDE I
269,sub-0051053,True,ABIDE I
270,sub-0051117,True,ABIDE I
271,sub-0051093,True,ABIDE I
272,sub-0051114,True,ABIDE I
273,sub-0050990,True,ABIDE I
274,sub-0051060,True,ABIDE I
275,sub-0051113,True,ABIDE I
276,sub-0051146,True,ABIDE I
277,sub-0051154,True,ABIDE I
278,sub-0050980,True,ABIDE I
279,sub-0051151,True,ABIDE I
280,sub-0050970,True,ABIDE I
281,sub-0051078,True,ABIDE I
282,sub-0051038,True,ABIDE I
283,sub-0051047,True,ABIDE I
284,sub-0051097,True,ABIDE I
285,sub-0050981,True,ABIDE I
286,sub-0051150,True,ABIDE I
287,sub-0051054,True,ABIDE I
288,sub-0051065,True,ABIDE I
289,sub-0050961,True,ABIDE I
290,sub-0051071,True,ABIDE I
291,sub-0050956,True,ABIDE I
292,sub-0051026,True,ABIDE I
293,sub-0051096,True,ABIDE I
294,sub-0051046,True,ABIDE I
295,sub-0050987,True,ABIDE I
296,sub-0051029,True,ABIDE I
297,sub-0051125,True,ABIDE I
298,sub-0050975,True,ABIDE I
299,sub-0051067,True,ABIDE I
300,sub-0050993,True,ABIDE I
301,sub-0051100,True,ABIDE I
302,sub-0051073,True,ABIDE I
303,sub-0051056,True,ABIDE I
304,sub-0051129,True,ABIDE I
305,sub-0050957,True,ABIDE I
306,sub-0051091,True,ABIDE I
307,sub-0050962,True,ABIDE I
308,sub-0051077,True,ABIDE I
309,sub-0051107,True,ABIDE I
310,sub-0051059,True,ABIDE I
311,sub-0051085,True,ABIDE I
312,sub-0051011,True,ABIDE I
313,sub-0050986,True,ABIDE I
314,sub-0050978,True,ABIDE I
315,sub-0050968,True,ABIDE I
316,sub-0050976,True,ABIDE I
317,sub-0050979,True,ABIDE I
318,sub-0051080,True,ABIDE I
319,sub-0051041,True,ABIDE I
320,sub-0050992,True,ABIDE I
321,sub-0051128,True,ABIDE I
322,sub-0051048,True,ABIDE I
323,sub-0051045,True,ABIDE I
324,sub-0051074,True,ABIDE I
325,sub-0051034,True,ABIDE I
326,sub-0051152,True,ABIDE I
327,sub-0051010,True,ABIDE I
328,sub-0051049,True,ABIDE I
329,sub-0051111,True,ABIDE I
330,sub-0051066,True,ABIDE I
331,sub-0051116,True,ABIDE I
332,sub-0050985,True,ABIDE I
333,sub-0051072,True,ABIDE I
334,sub-0051110,True,ABIDE I
335,sub-0051083,True,ABIDE I
336,sub-0051159,True,ABIDE I
337,sub-0051018,True,ABIDE I
338,sub-0051021,True,ABIDE I
339,sub-0051068,True,ABIDE I
340,sub-0051025,True,ABIDE I
341,sub-0051087,True,ABIDE I
342,sub-0051147,True,ABIDE I
343,sub-0051102,True,ABIDE I
344,sub-0051039,True,ABIDE I
345,sub-0051061,True,ABIDE I
346,sub-0051149,True,ABIDE I
347,sub-0051052,True,ABIDE I
348,sub-0050953,True,ABIDE I
349,sub-0051002,True,ABIDE I
350,sub-0050977,True,ABIDE I
351,sub-0050984,True,ABIDE I
352,sub-0051108,True,ABIDE I
353,sub-0051044,True,ABIDE I
354,sub-0050974,True,ABIDE I
355,sub-0051131,True,ABIDE I
356,sub-0051086,True,ABIDE I
357,sub-0051104,True,ABIDE I
358,sub-0051027,True,ABIDE I
359,sub-0051079,True,ABIDE I
360,sub-0051090,True,ABIDE I
361,sub-0051122,True,ABIDE I
362,sub-0051063,True,ABIDE I
363,sub-0051007,True,ABIDE I
364,sub-0050971,True,ABIDE I
365,sub-0051009,True,ABIDE I
366,sub-0050952,True,ABIDE I
367,sub-0051050,True,ABIDE I
368,sub-0051115,True,ABIDE I
369,sub-0051112,True,ABIDE I
370,sub-0050959,True,ABIDE I
371,sub-0051016,True,ABIDE I
372,sub-0051155,True,ABIDE I
373,sub-0050998,True,ABIDE I
374,sub-0051035,True,ABIDE I
375,sub-0051088,True,ABIDE I
376,sub-0051123,True,ABIDE I
377,sub-0050991,True,ABIDE I
378,sub-0051064,True,ABIDE I
379,sub-0050965,True,ABIDE I
380,sub-0051099,True,ABIDE I
381,sub-0051124,True,ABIDE I
382,sub-0051032,True,ABIDE I
383,sub-0051055,True,ABIDE I
384,sub-0050972,True,ABIDE I
385,sub-0051017,True,ABIDE I
386,sub-0050967,True,ABIDE I
387,sub-0050983,True,ABIDE I
388,sub-0050988,True,ABIDE I
389,sub-0051098,True,ABIDE I
390,sub-0051019,True,ABIDE I
391,sub-0051081,True,ABIDE I
392,sub-0050960,True,ABIDE I
393,sub-0051033,True,ABIDE I
394,sub-0051062,True,ABIDE I
395,sub-0050989,True,ABIDE I
396,sub-0051057,True,ABIDE I
397,sub-0050997,True,ABIDE I
398,sub-0051101,True,ABIDE I
399,sub-0051106,True,ABIDE I
400,sub-0050973,True,ABIDE I
401,sub-0051156,True,ABIDE I
402,sub-0051103,True,ABIDE I
403,sub-0051119,True,ABIDE I
404,sub-0051006,True,ABIDE I
405,sub-0050955,True,ABIDE I
406,sub-0051094,True,ABIDE I
407,sub-0051070,True,ABIDE I
408,sub-0051030,True,ABIDE I
409,sub-0051084,True,ABIDE I
410,sub-0050982,True,ABIDE I
411,sub-0051003,True,ABIDE I
412,sub-0051118,True,ABIDE I
413,sub-0051075,True,ABIDE I
414,sub-0051069,True,ABIDE I
415,sub-0051042,True,ABIDE I
416,sub-0051148,True,ABIDE I
417,sub-0050996,True,ABIDE I
418,sub-0051153,True,ABIDE I
419,sub-0050999,True,ABIDE I
420,sub-0051020,True,ABIDE I
421,sub-0051024,True,ABIDE I
422,sub-0051001,True,ABIDE I
423,sub-0051023,True,ABIDE I
424,sub-0051015,True,ABIDE I
425,sub-0050170,True,ABIDE I
426,sub-0050168,True,ABIDE I
427,sub-0050166,True,ABIDE I
428,sub-0050150,True,ABIDE I
429,sub-0050161,True,ABIDE I
430,sub-0050143,True,ABIDE I
431,sub-0050145,True,ABIDE I
432,sub-0050157,True,ABIDE I
433,sub-0050148,True,ABIDE I
434,sub-0050159,True,ABIDE I
435,sub-0050163,True,ABIDE I
436,sub-0050144,True,ABIDE I
437,sub-0050147,True,ABIDE I
438,sub-0050156,True,ABIDE I
439,sub-0050160,True,ABIDE I
440,sub-0050149,True,ABIDE I
441,sub-0050153,True,ABIDE I
442,sub-0050162,True,ABIDE I
443,sub-0050167,True,ABIDE I
444,sub-0050142,True,ABIDE I
445,sub-0050171,True,ABIDE I
446,sub-0050169,True,ABIDE I
447,sub-0050158,True,ABIDE I
448,sub-0050165,True,ABIDE I
449,sub-0050164,True,ABIDE I
450,sub-0050146,True,ABIDE I
451,sub-0050155,True,ABIDE I
452,sub-0050152,True,ABIDE I
453,sub-0050128,True,ABIDE I
454,sub-0050112,True,ABIDE I
455,sub-0050119,True,ABIDE I
456,sub-0050137,True,ABIDE I
457,sub-0050125,True,ABIDE I
458,sub-0050133,True,ABIDE I
459,sub-0050122,True,ABIDE I
460,sub-0050103,True,ABIDE I
461,sub-0050131,True,ABIDE I
462,sub-0050116,True,ABIDE I
463,sub-0050104,True,ABIDE I
464,sub-0050109,True,ABIDE I
465,sub-0050106,True,ABIDE I
466,sub-0050114,True,ABIDE I
467,sub-0050102,True,ABIDE I
468,sub-0050129,True,ABIDE I
469,sub-0050117,True,ABIDE I
470,sub-0050107,True,ABIDE I
471,sub-0050120,True,ABIDE I
472,sub-0050136,True,ABIDE I
473,sub-0050126,True,ABIDE I
474,sub-0050134,True,ABIDE I
475,sub-0050108,True,ABIDE I
476,sub-0050123,True,ABIDE I
477,sub-0050127,True,ABIDE I
478,sub-0050132,True,ABIDE I
479,sub-0050115,True,ABIDE I
480,sub-0050113,True,ABIDE I
481,sub-0050110,True,ABIDE I
482,sub-0050118,True,ABIDE I
483,sub-0050121,True,ABIDE I
484,sub-0050124,True,ABIDE I
485,sub-0050130,True,ABIDE I
486,sub-0050105,True,ABIDE I
487,sub-0050111,True,ABIDE I
488,sub-0050135,True,ABIDE I
489,sub-0050044,True,ABIDE I
490,sub-0050058,True,ABIDE I
491,sub-0050046,True,ABIDE I
492,sub-0050055,True,ABIDE I
493,sub-0050035,True,ABIDE I
494,sub-0050031,True,ABIDE I
495,sub-0050026,True,ABIDE I
496,sub-0050057,True,ABIDE I
497,sub-0050047,True,ABIDE I
498,sub-0050050,True,ABIDE I
499,sub-0050008,True,ABIDE I
500,sub-0050009,True,ABIDE I
501,sub-0050013,True,ABIDE I
502,sub-0050048,True,ABIDE I
503,sub-0050056,True,ABIDE I
504,sub-0050007,True,ABIDE I
505,sub-0050052,True,ABIDE I
506,sub-0050036,True,ABIDE I
507,sub-0050002,True,ABIDE I
508,sub-0050033,True,ABIDE I
509,sub-0050028,True,ABIDE I
510,sub-0050045,True,ABIDE I
511,sub-0050053,True,ABIDE I
512,sub-0050041,True,ABIDE I
513,sub-0050030,True,ABIDE I
514,sub-0050054,True,ABIDE I
515,sub-0050038,True,ABIDE I
516,sub-0050039,True,ABIDE I
517,sub-0050032,True,ABIDE I
518,sub-0050006,True,ABIDE I
519,sub-0050015,True,ABIDE I
520,sub-0050012,True,ABIDE I
521,sub-0050003,True,ABIDE I
522,sub-0050019,True,ABIDE I
523,sub-0050034,True,ABIDE I
524,sub-0050017,True,ABIDE I
525,sub-0050020,True,ABIDE I
526,sub-0050023,True,ABIDE I
527,sub-0050040,True,ABIDE I
528,sub-0050004,True,ABIDE I
529,sub-0050025,True,ABIDE I
530,sub-0050051,True,ABIDE I
531,sub-0050022,True,ABIDE I
532,sub-0050024,True,ABIDE I
533,sub-0050059,True,ABIDE I
534,sub-0050042,True,ABIDE I
535,sub-0050049,True,ABIDE I
536,sub-0050014,True,ABIDE I
537,sub-0050016,True,ABIDE I
538,sub-0050010,True,ABIDE I
539,sub-0050060,True,ABIDE I
540,sub-0050037,True,ABIDE I
541,sub-0050029,True,ABIDE I
542,sub-0050005,True,ABIDE I
543,sub-0050043,True,ABIDE I
544,sub-0050027,True,ABIDE I
545,sub-0050011,True,ABIDE I
546,sub-0051583,True,ABIDE I
547,sub-0051579,True,ABIDE I
548,sub-0051578,True,ABIDE I
549,sub-0051580,True,ABIDE I
550,sub-0051573,True,ABIDE I
551,sub-0051557,True,ABIDE I
552,sub-0051565,True,ABIDE I
553,sub-0051581,True,ABIDE I
554,sub-0051574,True,ABIDE I
555,sub-0051568,True,ABIDE I
556,sub-0051559,True,ABIDE I
557,sub-0051571,True,ABIDE I
558,sub-0051577,True,ABIDE I
559,sub-0051572,True,ABIDE I
560,sub-0051563,True,ABIDE I
561,sub-0051576,True,ABIDE I
562,sub-0051570,True,ABIDE I
563,sub-0051564,True,ABIDE I
564,sub-0051567,True,ABIDE I
565,sub-0051561,True,ABIDE I
566,sub-0051562,True,ABIDE I
567,sub-0051556,True,ABIDE I
568,sub-0051558,True,ABIDE I
569,sub-0051584,True,ABIDE I
570,sub-0051585,True,ABIDE I
571,sub-0051582,True,ABIDE I
572,sub-0051566,True,ABIDE I
573,sub-0051560,True,ABIDE I
574,sub-0051575,True,ABIDE I
575,sub-0051569,True,ABIDE I
576,sub-0050215,True,ABIDE I
577,sub-0050188,True,ABIDE I
578,sub-0050209,True,ABIDE I
579,sub-0050182,True,ABIDE I
580,sub-0050217,True,ABIDE I
581,sub-0050189,True,ABIDE I
582,sub-0050187,True,ABIDE I
583,sub-0050193,True,ABIDE I
584,sub-0050196,True,ABIDE I
585,sub-0050184,True,ABIDE I
586,sub-0050185,True,ABIDE I
587,sub-0050211,True,ABIDE I
588,sub-0050208,True,ABIDE I
589,sub-0050203,True,ABIDE I
590,sub-0050212,True,ABIDE I
591,sub-0050198,True,ABIDE I
592,sub-0050205,True,ABIDE I
593,sub-0050186,True,ABIDE I
594,sub-0050192,True,ABIDE I
595,sub-0050201,True,ABIDE I
596,sub-0050213,True,ABIDE I
597,sub-0050206,True,ABIDE I
598,sub-0050191,True,ABIDE I
599,sub-0050202,True,ABIDE I
600,sub-0050183,True,ABIDE I
601,sub-0050207,True,ABIDE I
602,sub-0050194,True,ABIDE I
603,sub-0050214,True,ABIDE I
604,sub-0050190,True,ABIDE I
605,sub-0050210,True,ABIDE I
606,sub-0050199,True,ABIDE I
607,sub-0050197,True,ABIDE I
608,sub-0050216,True,ABIDE I
609,sub-0050195,True,ABIDE I
610,sub-0050204,True,ABIDE I
611,sub-0050200,True,ABIDE I
612,sub-0051166,True,ABIDE I
613,sub-0051169,True,ABIDE I
614,sub-0051172,True,ABIDE I
615,sub-0051160,True,ABIDE I
616,sub-0051179,True,ABIDE I
617,sub-0051164,True,ABIDE I
618,sub-0051178,True,ABIDE I
619,sub-0051186,True,ABIDE I
620,sub-0051173,True,ABIDE I
621,sub-0051195,True,ABIDE I
622,sub-0051184,True,ABIDE I
623,sub-0051165,True,ABIDE I
624,sub-0051196,True,ABIDE I
625,sub-0051181,True,ABIDE I
626,sub-0051162,True,ABIDE I
627,sub-0051190,True,ABIDE I
628,sub-0051180,True,ABIDE I
629,sub-0051193,True,ABIDE I
630,sub-0051171,True,ABIDE I
631,sub-0051177,True,ABIDE I
632,sub-0051163,True,ABIDE I
633,sub-0051168,True,ABIDE I
634,sub-0051187,True,ABIDE I
635,sub-0051182,True,ABIDE I
636,sub-0051191,True,ABIDE I
637,sub-0051176,True,ABIDE I
638,sub-0051161,True,ABIDE I
639,sub-0051197,True,ABIDE I
640,sub-0051167,True,ABIDE I
641,sub-0051199,True,ABIDE I
642,sub-0051170,True,ABIDE I
643,sub-0051185,True,ABIDE I
644,sub-0051174,True,ABIDE I
645,sub-0051198,True,ABIDE I
646,sub-0051192,True,ABIDE I
647,sub-0051189,True,ABIDE I
648,sub-0051188,True,ABIDE I
649,sub-0051175,True,ABIDE I
650,sub-0051194,True,ABIDE I
651,sub-0051183,True,ABIDE I
652,sub-0051134,True,ABIDE I
653,sub-0050252,True,ABIDE I
654,sub-0050246,True,ABIDE I
655,sub-0050242,True,ABIDE I
656,sub-0050253,True,ABIDE I
657,sub-0050247,True,ABIDE I
658,sub-0050266,True,ABIDE I
659,sub-0050240,True,ABIDE I
660,sub-0050243,True,ABIDE I
661,sub-0050236,True,ABIDE I
662,sub-0050254,True,ABIDE I
663,sub-0050248,True,ABIDE I
664,sub-0050269,True,ABIDE I
665,sub-0050244,True,ABIDE I
666,sub-0050265,True,ABIDE I
667,sub-0051132,True,ABIDE I
668,sub-0050237,True,ABIDE I
669,sub-0050251,True,ABIDE I
670,sub-0051138,True,ABIDE I
671,sub-0050241,True,ABIDE I
672,sub-0050238,True,ABIDE I
673,sub-0050259,True,ABIDE I
674,sub-0051133,True,ABIDE I
675,sub-0050268,True,ABIDE I
676,sub-0050264,True,ABIDE I
677,sub-0050232,True,ABIDE I
678,sub-0051141,True,ABIDE I
679,sub-0050267,True,ABIDE I
680,sub-0051140,True,ABIDE I
681,sub-0050263,True,ABIDE I
682,sub-0050245,True,ABIDE I
683,sub-0051136,True,ABIDE I
684,sub-0050262,True,ABIDE I
685,sub-0050257,True,ABIDE I
686,sub-0050250,True,ABIDE I
687,sub-0050235,True,ABIDE I
688,sub-0050271,True,ABIDE I
689,sub-0050261,True,ABIDE I
690,sub-0051142,True,ABIDE I
691,sub-0050234,True,ABIDE I
692,sub-0050255,True,ABIDE I
693,sub-0050249,True,ABIDE I
694,sub-0051135,True,ABIDE I
695,sub-0050233,True,ABIDE I
696,sub-0050270,True,ABIDE I
697,sub-0050260,True,ABIDE I
698,sub-0051139,True,ABIDE I
699,sub-0051137,True,ABIDE I
700,sub-0050239,True,ABIDE I
701,sub-0051211,True,ABIDE I
703,sub-0051218,True,ABIDE I
704,sub-0051217,True,ABIDE I
706,sub-0051279,True,ABIDE I
707,sub-0051202,True,ABIDE I
708,sub-0051213,True,ABIDE I
710,sub-0051212,True,ABIDE I
711,sub-0051219,True,ABIDE I
713,sub-0051231,True,ABIDE I
714,sub-0051273,True,ABIDE I
715,sub-0051259,True,ABIDE I
716,sub-0051253,True,ABIDE I
717,sub-0051252,True,ABIDE I
718,sub-0051263,True,ABIDE I
719,sub-0051224,True,ABIDE I
720,sub-0051269,True,ABIDE I
722,sub-0051225,True,ABIDE I
723,sub-0051204,True,ABIDE I
724,sub-0051234,True,ABIDE I
725,sub-0051209,True,ABIDE I
727,sub-0051237,True,ABIDE I
728,sub-0051280,True,ABIDE I
729,sub-0051250,True,ABIDE I
732,sub-0051274,True,ABIDE I
733,sub-0051206,True,ABIDE I
734,sub-0051236,True,ABIDE I
735,sub-0051230,True,ABIDE I
736,sub-0051260,True,ABIDE I
737,sub-0051203,True,ABIDE I
738,sub-0051257,True,ABIDE I
739,sub-0051254,True,ABIDE I
740,sub-0051216,True,ABIDE I
741,sub-0051264,True,ABIDE I
742,sub-0051238,True,ABIDE I
743,sub-0051220,True,ABIDE I
745,sub-0051210,True,ABIDE I
746,sub-0051267,True,ABIDE I
747,sub-0051276,True,ABIDE I
748,sub-0051221,True,ABIDE I
749,sub-0051248,True,ABIDE I
750,sub-0051278,True,ABIDE I
751,sub-0051239,True,ABIDE I
752,sub-0051205,True,ABIDE I
753,sub-0051266,True,ABIDE I
754,sub-0051222,True,ABIDE I
755,sub-0051228,True,ABIDE I
756,sub-0051223,True,ABIDE I
757,sub-0051258,True,ABIDE I
758,sub-0051214,True,ABIDE I
759,sub-0051215,True,ABIDE I
760,sub-0051241,True,ABIDE I
761,sub-0051249,True,ABIDE I
762,sub-0051271,True,ABIDE I
763,sub-0051268,True,ABIDE I
764,sub-0051277,True,ABIDE I
765,sub-0051275,True,ABIDE I
766,sub-0051208,True,ABIDE I
767,sub-0051229,True,ABIDE I
768,sub-0051227,True,ABIDE I
769,sub-0051255,True,ABIDE I
770,sub-0051272,True,ABIDE I
771,sub-0051281,True,ABIDE I
772,sub-0051251,True,ABIDE I
773,sub-0051261,True,ABIDE I
774,sub-0051265,True,ABIDE I
775,sub-0051226,True,ABIDE I
776,sub-0051240,True,ABIDE I
777,sub-0051207,True,ABIDE I
778,sub-0051256,True,ABIDE I
779,sub-0051282,True,ABIDE I
780,sub-0051262,True,ABIDE I
781,sub-0051235,True,ABIDE I
782,sub-0051201,True,ABIDE I
783,sub-0051311,True,ABIDE I
784,sub-0051298,True,ABIDE I
785,sub-0051305,True,ABIDE I
786,sub-0051299,True,ABIDE I
787,sub-0051307,True,ABIDE I
788,sub-0051312,True,ABIDE I
789,sub-0051304,True,ABIDE I
791,sub-0051316,True,ABIDE I
792,sub-0051301,True,ABIDE I
793,sub-0051297,True,ABIDE I
794,sub-0051296,True,ABIDE I
795,sub-0051306,True,ABIDE I
796,sub-0051303,True,ABIDE I
797,sub-0051315,True,ABIDE I
798,sub-0051294,True,ABIDE I
799,sub-0051313,True,ABIDE I
800,sub-0051302,True,ABIDE I
801,sub-0051295,True,ABIDE I
802,sub-0051317,True,ABIDE I
803,sub-0051291,True,ABIDE I
804,sub-0051309,True,ABIDE I
805,sub-0051300,True,ABIDE I
806,sub-0051308,True,ABIDE I
807,sub-0051314,True,ABIDE I
808,sub-0051293,True,ABIDE I
809,sub-0051292,True,ABIDE I
810,sub-0050328,True,ABIDE I
811,sub-0050379,True,ABIDE I
812,sub-0050292,True,ABIDE I
813,sub-0050331,True,ABIDE I
814,sub-0050339,True,ABIDE I
815,sub-0050375,True,ABIDE I
816,sub-0050352,True,ABIDE I
817,sub-0050326,True,ABIDE I
818,sub-0050282,True,ABIDE I
819,sub-0050367,True,ABIDE I
820,sub-0050336,True,ABIDE I
821,sub-0050317,True,ABIDE I
822,sub-0050322,True,ABIDE I
823,sub-0050360,True,ABIDE I
824,sub-0050307,True,ABIDE I
825,sub-0050363,True,ABIDE I
826,sub-0050276,True,ABIDE I
827,sub-0050293,True,ABIDE I
828,sub-0050299,True,ABIDE I
829,sub-0050372,True,ABIDE I
830,sub-0050304,True,ABIDE I
831,sub-0050283,True,ABIDE I
832,sub-0050365,True,ABIDE I
833,sub-0050357,True,ABIDE I
834,sub-0050275,True,ABIDE I
835,sub-0050340,True,ABIDE I
836,sub-0050341,True,ABIDE I
837,sub-0050302,True,ABIDE I
838,sub-0050362,True,ABIDE I
839,sub-0050315,True,ABIDE I
840,sub-0050323,True,ABIDE I
841,sub-0050313,True,ABIDE I
842,sub-0050305,True,ABIDE I
843,sub-0050374,True,ABIDE I
844,sub-0050377,True,ABIDE I
845,sub-0050300,True,ABIDE I
846,sub-0050329,True,ABIDE I
847,sub-0050301,True,ABIDE I
848,sub-0050324,True,ABIDE I
849,sub-0050345,True,ABIDE I
850,sub-0050280,True,ABIDE I
851,sub-0050369,True,ABIDE I
852,sub-0050332,True,ABIDE I
853,sub-0050380,True,ABIDE I
854,sub-0050376,True,ABIDE I
855,sub-0050381,True,ABIDE I
856,sub-0050356,True,ABIDE I
857,sub-0050368,True,ABIDE I
858,sub-0050274,True,ABIDE I
859,sub-0050295,True,ABIDE I
860,sub-0050289,True,ABIDE I
861,sub-0050318,True,ABIDE I
862,sub-0050364,True,ABIDE I
863,sub-0050306,True,ABIDE I
864,sub-0050350,True,ABIDE I
865,sub-0050285,True,ABIDE I
866,sub-0050351,True,ABIDE I
867,sub-0050296,True,ABIDE I
868,sub-0050344,True,ABIDE I
869,sub-0050335,True,ABIDE I
870,sub-0050277,True,ABIDE I
871,sub-0050320,True,ABIDE I
872,sub-0050273,True,ABIDE I
873,sub-0050359,True,ABIDE I
874,sub-0050366,True,ABIDE I
875,sub-0050347,True,ABIDE I
876,sub-0050286,True,ABIDE I
877,sub-0050333,True,ABIDE I
878,sub-0050358,True,ABIDE I
879,sub-0050343,True,ABIDE I
880,sub-0050279,True,ABIDE I
881,sub-0050354,True,ABIDE I
882,sub-0050303,True,ABIDE I
883,sub-0050290,True,ABIDE I
884,sub-0050272,True,ABIDE I
885,sub-0050327,True,ABIDE I
886,sub-0050316,True,ABIDE I
887,sub-0050308,True,ABIDE I
888,sub-0050287,True,ABIDE I
889,sub-0050312,True,ABIDE I
890,sub-0050353,True,ABIDE I
891,sub-0050325,True,ABIDE I
892,sub-0050337,True,ABIDE I
893,sub-0050348,True,ABIDE I
894,sub-0050310,True,ABIDE I
895,sub-0050321,True,ABIDE I
896,sub-0050311,True,ABIDE I
897,sub-0050355,True,ABIDE I
898,sub-0050297,True,ABIDE I
899,sub-0050371,True,ABIDE I
900,sub-0050309,True,ABIDE I
901,sub-0050330,True,ABIDE I
902,sub-0050294,True,ABIDE I
903,sub-0050288,True,ABIDE I
904,sub-0050349,True,ABIDE I
905,sub-0050284,True,ABIDE I
906,sub-0050378,True,ABIDE I
907,sub-0050338,True,ABIDE I
908,sub-0050346,True,ABIDE I
909,sub-0050361,True,ABIDE I
910,sub-0050319,True,ABIDE I
911,sub-0050291,True,ABIDE I
912,sub-0050334,True,ABIDE I
913,sub-0050298,True,ABIDE I
914,sub-0050370,True,ABIDE I
915,sub-0050373,True,ABIDE I
916,sub-0050342,True,ABIDE I
917,sub-0050314,True,ABIDE I
918,sub-0050281,True,ABIDE I
919,sub-0050278,True,ABIDE I
920,sub-0050407,True,ABIDE I
921,sub-0050421,True,ABIDE I
922,sub-0050422,True,ABIDE I
923,sub-0050419,True,ABIDE I
924,sub-0050412,True,ABIDE I
925,sub-0050413,True,ABIDE I
926,sub-0050404,True,ABIDE I
927,sub-0050383,True,ABIDE I
928,sub-0050426,True,ABIDE I
929,sub-0050391,True,ABIDE I
930,sub-0050397,True,ABIDE I
931,sub-0050423,True,ABIDE I
932,sub-0050425,True,ABIDE I
933,sub-0050414,True,ABIDE I
934,sub-0050408,True,ABIDE I
935,sub-0050387,True,ABIDE I
936,sub-0050403,True,ABIDE I
937,sub-0050427,True,ABIDE I
938,sub-0050390,True,ABIDE I
939,sub-0050410,True,ABIDE I
940,sub-0050428,True,ABIDE I
941,sub-0050382,True,ABIDE I
942,sub-0050402,True,ABIDE I
943,sub-0050416,True,ABIDE I
944,sub-0050388,True,ABIDE I
945,sub-0050415,True,ABIDE I
946,sub-0050405,True,ABIDE I
947,sub-0050386,True,ABIDE I
948,sub-0050399,True,ABIDE I
949,sub-0050418,True,ABIDE I
950,sub-0050411,True,ABIDE I
951,sub-0050406,True,ABIDE I
952,sub-0050385,True,ABIDE I
953,sub-0050424,True,ABIDE I
954,sub-0050417,True,ABIDE I
955,sub-0050490,True,ABIDE I
956,sub-0050529,True,ABIDE I
957,sub-0050501,True,ABIDE I
958,sub-0050485,True,ABIDE I
959,sub-0050519,True,ABIDE I
960,sub-0050491,True,ABIDE I
961,sub-0050444,True,ABIDE I
962,sub-0050458,True,ABIDE I
963,sub-0050465,True,ABIDE I
964,sub-0050446,True,ABIDE I
965,sub-0050455,True,ABIDE I
966,sub-0050526,True,ABIDE I
967,sub-0050486,True,ABIDE I
968,sub-0050500,True,ABIDE I
969,sub-0050460,True,ABIDE I
970,sub-0050516,True,ABIDE I
971,sub-0050441,True,ABIDE I
972,sub-0050530,True,ABIDE I
973,sub-0050457,True,ABIDE I
974,sub-0050447,True,ABIDE I
975,sub-0050504,True,ABIDE I
976,sub-0050523,True,ABIDE I
977,sub-0050487,True,ABIDE I
978,sub-0050476,True,ABIDE I
979,sub-0050499,True,ABIDE I
980,sub-0050489,True,ABIDE I
981,sub-0050531,True,ABIDE I
982,sub-0050448,True,ABIDE I
983,sub-0050492,True,ABIDE I
984,sub-0050464,True,ABIDE I
985,sub-0050456,True,ABIDE I
986,sub-0050469,True,ABIDE I
987,sub-0050452,True,ABIDE I
988,sub-0050506,True,ABIDE I
989,sub-0050480,True,ABIDE I
990,sub-0050432,True,ABIDE I
991,sub-0050527,True,ABIDE I
992,sub-0050478,True,ABIDE I
993,sub-0050520,True,ABIDE I
994,sub-0050475,True,ABIDE I
995,sub-0050517,True,ABIDE I
996,sub-0050505,True,ABIDE I
997,sub-0050532,True,ABIDE I
998,sub-0050493,True,ABIDE I
999,sub-0050463,True,ABIDE I
1000,sub-0050445,True,ABIDE I
1001,sub-0050453,True,ABIDE I
1002,sub-0050435,True,ABIDE I
1003,sub-0050524,True,ABIDE I
1004,sub-0050470,True,ABIDE I
1005,sub-0050521,True,ABIDE I
1006,sub-0050484,True,ABIDE I
1007,sub-0050495,True,ABIDE I
1008,sub-0050514,True,ABIDE I
1009,sub-0050454,True,ABIDE I
1010,sub-0050508,True,ABIDE I
1011,sub-0050468,True,ABIDE I
1012,sub-0050434,True,ABIDE I
1013,sub-0050496,True,ABIDE I
1014,sub-0050522,True,ABIDE I
1015,sub-0050503,True,ABIDE I
1016,sub-0050474,True,ABIDE I
1017,sub-0050467,True,ABIDE I
1018,sub-0050439,True,ABIDE I
1019,sub-0050433,True,ABIDE I
1020,sub-0050509,True,ABIDE I
1021,sub-0050488,True,ABIDE I
1022,sub-0050497,True,ABIDE I
1023,sub-0050477,True,ABIDE I
1024,sub-0050473,True,ABIDE I
1025,sub-0050481,True,ABIDE I
1026,sub-0050513,True,ABIDE I
1027,sub-0050528,True,ABIDE I
1028,sub-0050461,True,ABIDE I
1029,sub-0050451,True,ABIDE I
1030,sub-0050462,True,ABIDE I
1031,sub-0050518,True,ABIDE I
1032,sub-0050442,True,ABIDE I
1033,sub-0050525,True,ABIDE I
1034,sub-0050450,True,ABIDE I
1035,sub-0050512,True,ABIDE I
1036,sub-0050515,True,ABIDE I
1037,sub-0050436,True,ABIDE I
1038,sub-0050440,True,ABIDE I
1039,sub-0050498,True,ABIDE I
1040,sub-0050494,True,ABIDE I
1041,sub-0050443,True,ABIDE I
1042,sub-0050482,True,ABIDE I
1043,sub-0050511,True,ABIDE I
1044,sub-0050459,True,ABIDE I
1045,sub-0050449,True,ABIDE I
1046,sub-0050437,True,ABIDE I
1047,sub-0050507,True,ABIDE I
1048,sub-0050502,True,ABIDE I
1049,sub-0050479,True,ABIDE I
1050,sub-0050466,True,ABIDE I
1051,sub-0050471,True,ABIDE I
1052,sub-0050483,True,ABIDE I
1053,sub-0050438,True,ABIDE I
1054,sub-0050510,True,ABIDE I
1055,sub-0050472,True,ABIDE I
1056,sub-0050555,True,ABIDE I
1057,sub-0050614,True,ABIDE I
1058,sub-0050610,True,ABIDE I
1059,sub-0050564,True,ABIDE I
1060,sub-0050615,True,ABIDE I
1061,sub-0050627,True,ABIDE I
1062,sub-0050609,True,ABIDE I
1063,sub-0050618,True,ABIDE I
1064,sub-0050604,True,ABIDE I
1065,sub-0050612,True,ABIDE I
1066,sub-0050578,True,ABIDE I
1067,sub-0050551,True,ABIDE I
1068,sub-0050568,True,ABIDE I
1069,sub-0050617,True,ABIDE I
1070,sub-0050570,True,ABIDE I
1071,sub-0050566,True,ABIDE I
1072,sub-0050602,True,ABIDE I
1073,sub-0050561,True,ABIDE I
1074,sub-0050611,True,ABIDE I
1075,sub-0050575,True,ABIDE I
1076,sub-0050603,True,ABIDE I
1077,sub-0050574,True,ABIDE I
1078,sub-0050622,True,ABIDE I
1079,sub-0050562,True,ABIDE I
1080,sub-0050557,True,ABIDE I
1081,sub-0050608,True,ABIDE I
1082,sub-0050552,True,ABIDE I
1083,sub-0050601,True,ABIDE I
1084,sub-0050563,True,ABIDE I
1085,sub-0050559,True,ABIDE I
1086,sub-0050553,True,ABIDE I
1087,sub-0050619,True,ABIDE I
1088,sub-0050613,True,ABIDE I
1089,sub-0050605,True,ABIDE I
1090,sub-0050620,True,ABIDE I
1091,sub-0050556,True,ABIDE I
1092,sub-0050577,True,ABIDE I
1093,sub-0050606,True,ABIDE I
1094,sub-0050576,True,ABIDE I
1095,sub-0050571,True,ABIDE I
1096,sub-0050626,True,ABIDE I
1097,sub-0050621,True,ABIDE I
1098,sub-0050607,True,ABIDE I
1099,sub-0050624,True,ABIDE I
1100,sub-0050558,True,ABIDE I
1101,sub-0050554,True,ABIDE I
1102,sub-0050572,True,ABIDE I
1103,sub-0050567,True,ABIDE I
1104,sub-0050625,True,ABIDE I
1105,sub-0050560,True,ABIDE I
1106,sub-0050569,True,ABIDE I
1107,sub-0050573,True,ABIDE I
1108,sub-0050616,True,ABIDE I
1109,sub-0050628,True,ABIDE I
1110,sub-0050565,True,ABIDE I
1111,sub-0050623,True,ABIDE I
0,sub-29031,True,ABIDE II
1,sub-29014,True,ABIDE II
2,sub-30149,True,ABIDE II
3,sub-30147,True,ABIDE II
4,sub-29034,True,ABIDE II
5,sub-29047,True,ABIDE II
6,sub-29030,True,ABIDE II
7,sub-29023,True,ABIDE II
8,sub-30146,True,ABIDE II
9,sub-29013,True,ABIDE II
10,sub-29049,True,ABIDE II
11,sub-29017,True,ABIDE II
12,sub-29042,True,ABIDE II
13,sub-29044,True,ABIDE II
14,sub-29035,True,ABIDE II
15,sub-29046,True,ABIDE II
16,sub-29028,True,ABIDE II
17,sub-29019,True,ABIDE II
18,sub-29038,True,ABIDE II
19,sub-29021,True,ABIDE II
20,sub-29012,True,ABIDE II
21,sub-29033,True,ABIDE II
22,sub-30144,True,ABIDE II
23,sub-29010,True,ABIDE II
24,sub-29037,True,ABIDE II
25,sub-29015,True,ABIDE II
26,sub-29048,True,ABIDE II
27,sub-29054,True,ABIDE II
28,sub-29055,True,ABIDE II
29,sub-29024,True,ABIDE II
30,sub-29027,True,ABIDE II
31,sub-29006,True,ABIDE II
32,sub-29008,True,ABIDE II
33,sub-29007,True,ABIDE II
34,sub-29029,True,ABIDE II
35,sub-29026,True,ABIDE II
36,sub-29053,True,ABIDE II
37,sub-29052,True,ABIDE II
38,sub-29043,True,ABIDE II
39,sub-30151,True,ABIDE II
40,sub-29041,True,ABIDE II
41,sub-29022,True,ABIDE II
42,sub-29050,True,ABIDE II
43,sub-29036,True,ABIDE II
44,sub-29045,True,ABIDE II
45,sub-29056,True,ABIDE II
46,sub-29039,True,ABIDE II
47,sub-29040,True,ABIDE II
48,sub-30148,True,ABIDE II
49,sub-29011,True,ABIDE II
50,sub-29009,True,ABIDE II
51,sub-29025,True,ABIDE II
52,sub-29020,True,ABIDE II
53,sub-29032,True,ABIDE II
54,sub-29051,True,ABIDE II
55,sub-29018,True,ABIDE II
56,sub-29016,True,ABIDE II
57,sub-30150,True,ABIDE II
58,sub-29909,True,ABIDE II
59,sub-29886,True,ABIDE II
60,sub-29882,True,ABIDE II
61,sub-29879,True,ABIDE II
62,sub-29885,True,ABIDE II
63,sub-29888,True,ABIDE II
64,sub-29874,True,ABIDE II
65,sub-29898,True,ABIDE II
66,sub-29913,True,ABIDE II
67,sub-29890,True,ABIDE II
68,sub-29901,True,ABIDE II
69,sub-29887,True,ABIDE II
70,sub-29902,True,ABIDE II
71,sub-29897,True,ABIDE II
72,sub-29881,True,ABIDE II
73,sub-29896,True,ABIDE II
74,sub-29889,True,ABIDE II
75,sub-29868,True,ABIDE II
76,sub-29894,True,ABIDE II
77,sub-29900,True,ABIDE II
78,sub-29864,True,ABIDE II
79,sub-29892,True,ABIDE II
80,sub-29899,True,ABIDE II
81,sub-29915,True,ABIDE II
82,sub-29883,True,ABIDE II
83,sub-29873,True,ABIDE II
84,sub-29875,True,ABIDE II
85,sub-29870,True,ABIDE II
86,sub-29893,True,ABIDE II
87,sub-29912,True,ABIDE II
88,sub-29907,True,ABIDE II
89,sub-29872,True,ABIDE II
90,sub-29871,True,ABIDE II
91,sub-29876,True,ABIDE II
92,sub-29911,True,ABIDE II
93,sub-29916,True,ABIDE II
94,sub-29906,True,ABIDE II
95,sub-29867,True,ABIDE II
96,sub-29904,True,ABIDE II
97,sub-29877,True,ABIDE II
98,sub-29878,True,ABIDE II
99,sub-29895,True,ABIDE II
100,sub-29910,True,ABIDE II
101,sub-29903,True,ABIDE II
102,sub-29905,True,ABIDE II
103,sub-29880,True,ABIDE II
104,sub-29914,True,ABIDE II
105,sub-29908,True,ABIDE II
106,sub-29865,True,ABIDE II
107,sub-29891,True,ABIDE II
108,sub-29884,True,ABIDE II
109,sub-29869,True,ABIDE II
110,sub-29917,True,ABIDE II
111,sub-29866,True,ABIDE II
112,sub-29075,True,ABIDE II
113,sub-29063,True,ABIDE II
114,sub-29057,True,ABIDE II
115,sub-29065,True,ABIDE II
116,sub-29067,True,ABIDE II
117,sub-29082,True,ABIDE II
118,sub-29077,True,ABIDE II
119,sub-29087,True,ABIDE II
120,sub-29072,True,ABIDE II
121,sub-29059,True,ABIDE II
122,sub-29078,True,ABIDE II
123,sub-29083,True,ABIDE II
124,sub-29089,True,ABIDE II
125,sub-29092,True,ABIDE II
126,sub-29093,True,ABIDE II
127,sub-29085,True,ABIDE II
128,sub-29071,True,ABIDE II
129,sub-29094,True,ABIDE II
130,sub-29069,True,ABIDE II
131,sub-29090,True,ABIDE II
132,sub-29080,True,ABIDE II
133,sub-29062,True,ABIDE II
134,sub-29084,True,ABIDE II
135,sub-29064,True,ABIDE II
136,sub-29060,True,ABIDE II
137,sub-29066,True,ABIDE II
138,sub-29086,True,ABIDE II
139,sub-29070,True,ABIDE II
140,sub-29091,True,ABIDE II
141,sub-29081,True,ABIDE II
142,sub-29074,True,ABIDE II
143,sub-29079,True,ABIDE II
144,sub-29068,True,ABIDE II
145,sub-29058,True,ABIDE II
146,sub-29073,True,ABIDE II
147,sub-29076,True,ABIDE II
148,sub-29088,True,ABIDE II
149,sub-28817,True,ABIDE II
151,sub-28845,True,ABIDE II
155,sub-28836,True,ABIDE II
156,sub-28803,True,ABIDE II
157,sub-28826,True,ABIDE II
160,sub-28841,True,ABIDE II
161,sub-28846,True,ABIDE II
162,sub-28742,True,ABIDE II
163,sub-28844,True,ABIDE II
164,sub-28823,True,ABIDE II
166,sub-28802,True,ABIDE II
167,sub-28743,True,ABIDE II
168,sub-28837,True,ABIDE II
169,sub-28840,True,ABIDE II
170,sub-28794,True,ABIDE II
172,sub-28839,True,ABIDE II
173,sub-28790,True,ABIDE II
174,sub-28796,True,ABIDE II
175,sub-28805,True,ABIDE II
176,sub-28797,True,ABIDE II
177,sub-28847,True,ABIDE II
179,sub-28825,True,ABIDE II
180,sub-28791,True,ABIDE II
181,sub-28752,True,ABIDE II
182,sub-28792,True,ABIDE II
183,sub-28744,True,ABIDE II
185,sub-28816,True,ABIDE II
186,sub-28760,True,ABIDE II
187,sub-28808,True,ABIDE II
192,sub-28785,True,ABIDE II
193,sub-28748,True,ABIDE II
194,sub-28821,True,ABIDE II
195,sub-28822,True,ABIDE II
196,sub-28789,True,ABIDE II
197,sub-28830,True,ABIDE II
199,sub-28820,True,ABIDE II
200,sub-28809,True,ABIDE II
201,sub-28788,True,ABIDE II
203,sub-28835,True,ABIDE II
204,sub-28754,True,ABIDE II
205,sub-28831,True,ABIDE II
206,sub-28819,True,ABIDE II
207,sub-28746,True,ABIDE II
209,sub-28747,True,ABIDE II
210,sub-28829,True,ABIDE II
211,sub-28804,True,ABIDE II
213,sub-28838,True,ABIDE II
214,sub-28799,True,ABIDE II
216,sub-28749,True,ABIDE II
217,sub-28810,True,ABIDE II
218,sub-28842,True,ABIDE II
219,sub-28818,True,ABIDE II
220,sub-28798,True,ABIDE II
222,sub-28828,True,ABIDE II
224,sub-28786,True,ABIDE II
225,sub-28795,True,ABIDE II
226,sub-28801,True,ABIDE II
227,sub-28843,True,ABIDE II
229,sub-28815,True,ABIDE II
232,sub-28806,True,ABIDE II
233,sub-28827,True,ABIDE II
234,sub-28814,True,ABIDE II
235,sub-28793,True,ABIDE II
236,sub-28800,True,ABIDE II
238,sub-28813,True,ABIDE II
239,sub-28750,True,ABIDE II
240,sub-28824,True,ABIDE II
241,sub-28784,True,ABIDE II
242,sub-28834,True,ABIDE II
243,sub-28811,True,ABIDE II
244,sub-28832,True,ABIDE II
245,sub-28812,True,ABIDE II
248,sub-28753,True,ABIDE II
252,sub-28807,True,ABIDE II
254,sub-28787,True,ABIDE II
255,sub-29631,True,ABIDE II
256,sub-29629,True,ABIDE II
257,sub-29601,True,ABIDE II
258,sub-29619,True,ABIDE II
259,sub-29585,True,ABIDE II
260,sub-29605,True,ABIDE II
261,sub-29586,True,ABIDE II
262,sub-29594,True,ABIDE II
263,sub-29597,True,ABIDE II
264,sub-29609,True,ABIDE II
265,sub-29625,True,ABIDE II
267,sub-29592,True,ABIDE II
268,sub-29616,True,ABIDE II
269,sub-29610,True,ABIDE II
270,sub-29584,True,ABIDE II
271,sub-29600,True,ABIDE II
272,sub-29583,True,ABIDE II
273,sub-29580,True,ABIDE II
274,sub-29634,True,ABIDE II
275,sub-29630,True,ABIDE II
276,sub-29606,True,ABIDE II
277,sub-29635,True,ABIDE II
278,sub-29617,True,ABIDE II
279,sub-29611,True,ABIDE II
280,sub-29589,True,ABIDE II
281,sub-29607,True,ABIDE II
282,sub-29627,True,ABIDE II
283,sub-29612,True,ABIDE II
284,sub-29626,True,ABIDE II
285,sub-29588,True,ABIDE II
286,sub-29623,True,ABIDE II
287,sub-29628,True,ABIDE II
288,sub-29590,True,ABIDE II
289,sub-29599,True,ABIDE II
290,sub-29614,True,ABIDE II
291,sub-29582,True,ABIDE II
292,sub-29593,True,ABIDE II
293,sub-29633,True,ABIDE II
294,sub-29620,True,ABIDE II
295,sub-29624,True,ABIDE II
296,sub-29618,True,ABIDE II
297,sub-29604,True,ABIDE II
298,sub-29598,True,ABIDE II
299,sub-29596,True,ABIDE II
300,sub-29595,True,ABIDE II
301,sub-29608,True,ABIDE II
302,sub-29613,True,ABIDE II
303,sub-29602,True,ABIDE II
304,sub-29632,True,ABIDE II
305,sub-29603,True,ABIDE II
306,sub-29581,True,ABIDE II
307,sub-29621,True,ABIDE II
308,sub-29587,True,ABIDE II
309,sub-29615,True,ABIDE II
310,sub-29591,True,ABIDE II
311,sub-29551,True,ABIDE II
312,sub-29553,True,ABIDE II
313,sub-29565,True,ABIDE II
314,sub-29549,True,ABIDE II
315,sub-29540,True,ABIDE II
316,sub-29566,True,ABIDE II
317,sub-29561,True,ABIDE II
318,sub-29550,True,ABIDE II
319,sub-29547,True,ABIDE II
320,sub-29560,True,ABIDE II
321,sub-29542,True,ABIDE II
322,sub-29546,True,ABIDE II
323,sub-29544,True,ABIDE II
324,sub-29575,True,ABIDE II
325,sub-29570,True,ABIDE II
326,sub-29569,True,ABIDE II
327,sub-29573,True,ABIDE II
328,sub-29554,True,ABIDE II
329,sub-29576,True,ABIDE II
330,sub-29559,True,ABIDE II
331,sub-29571,True,ABIDE II
332,sub-29562,True,ABIDE II
333,sub-29548,True,ABIDE II
334,sub-29538,True,ABIDE II
335,sub-29541,True,ABIDE II
336,sub-29574,True,ABIDE II
337,sub-29564,True,ABIDE II
338,sub-29555,True,ABIDE II
339,sub-29556,True,ABIDE II
340,sub-29563,True,ABIDE II
341,sub-29568,True,ABIDE II
342,sub-29558,True,ABIDE II
343,sub-29543,True,ABIDE II
344,sub-29545,True,ABIDE II
345,sub-29552,True,ABIDE II
346,sub-29567,True,ABIDE II
347,sub-29577,True,ABIDE II
348,sub-29572,True,ABIDE II
349,sub-29539,True,ABIDE II
350,sub-29557,True,ABIDE II
351,sub-29333,True,ABIDE II
352,sub-29423,True,ABIDE II
353,sub-29362,True,ABIDE II
354,sub-29430,True,ABIDE II
355,sub-29478,True,ABIDE II
356,sub-29308,True,ABIDE II
357,sub-29293,True,ABIDE II
358,sub-29408,True,ABIDE II
359,sub-29384,True,ABIDE II
360,sub-29289,True,ABIDE II
361,sub-29371,True,ABIDE II
362,sub-29364,True,ABIDE II
363,sub-29332,True,ABIDE II
364,sub-29324,True,ABIDE II
365,sub-29422,True,ABIDE II
366,sub-29458,True,ABIDE II
367,sub-29465,True,ABIDE II
368,sub-29432,True,ABIDE II
369,sub-29455,True,ABIDE II
370,sub-29410,True,ABIDE II
371,sub-29297,True,ABIDE II
372,sub-29336,True,ABIDE II
373,sub-29398,True,ABIDE II
374,sub-29340,True,ABIDE II
375,sub-29418,True,ABIDE II
376,sub-29427,True,ABIDE II
377,sub-29453,True,ABIDE II
378,sub-29449,True,ABIDE II
379,sub-29361,True,ABIDE II
380,sub-29401,True,ABIDE II
381,sub-29441,True,ABIDE II
382,sub-29436,True,ABIDE II
383,sub-29319,True,ABIDE II
384,sub-29317,True,ABIDE II
385,sub-29399,True,ABIDE II
386,sub-29414,True,ABIDE II
387,sub-29434,True,ABIDE II
388,sub-29311,True,ABIDE II
389,sub-29485,True,ABIDE II
390,sub-29386,True,ABIDE II
391,sub-29470,True,ABIDE II
392,sub-29288,True,ABIDE II
393,sub-29295,True,ABIDE II
394,sub-29482,True,ABIDE II
395,sub-29329,True,ABIDE II
396,sub-29450,True,ABIDE II
397,sub-29281,True,ABIDE II
398,sub-29310,True,ABIDE II
399,sub-29443,True,ABIDE II
400,sub-29352,True,ABIDE II
401,sub-29321,True,ABIDE II
402,sub-29416,True,ABIDE II
403,sub-29374,True,ABIDE II
404,sub-29452,True,ABIDE II
405,sub-29393,True,ABIDE II
406,sub-29280,True,ABIDE II
407,sub-29448,True,ABIDE II
408,sub-29277,True,ABIDE II
409,sub-29389,True,ABIDE II
410,sub-29377,True,ABIDE II
411,sub-29306,True,ABIDE II
412,sub-29367,True,ABIDE II
413,sub-29419,True,ABIDE II
414,sub-29299,True,ABIDE II
415,sub-29349,True,ABIDE II
416,sub-29376,True,ABIDE II
417,sub-29409,True,ABIDE II
418,sub-29461,True,ABIDE II
419,sub-29388,True,ABIDE II
420,sub-29474,True,ABIDE II
421,sub-29472,True,ABIDE II
422,sub-29314,True,ABIDE II
423,sub-29471,True,ABIDE II
424,sub-29390,True,ABIDE II
425,sub-29309,True,ABIDE II
426,sub-29274,True,ABIDE II
427,sub-29400,True,ABIDE II
428,sub-29278,True,ABIDE II
429,sub-29387,True,ABIDE II
430,sub-29285,True,ABIDE II
431,sub-29476,True,ABIDE II
432,sub-29435,True,ABIDE II
433,sub-29405,True,ABIDE II
434,sub-29428,True,ABIDE II
435,sub-29331,True,ABIDE II
436,sub-29431,True,ABIDE II
437,sub-29343,True,ABIDE II
438,sub-29341,True,ABIDE II
439,sub-29439,True,ABIDE II
440,sub-29339,True,ABIDE II
441,sub-29307,True,ABIDE II
442,sub-29290,True,ABIDE II
443,sub-29294,True,ABIDE II
444,sub-29446,True,ABIDE II
445,sub-29313,True,ABIDE II
446,sub-29334,True,ABIDE II
447,sub-29325,True,ABIDE II
448,sub-29380,True,ABIDE II
449,sub-29300,True,ABIDE II
450,sub-29358,True,ABIDE II
451,sub-29481,True,ABIDE II
452,sub-29304,True,ABIDE II
453,sub-29477,True,ABIDE II
454,sub-29345,True,ABIDE II
455,sub-29347,True,ABIDE II
456,sub-29475,True,ABIDE II
457,sub-29473,True,ABIDE II
458,sub-29444,True,ABIDE II
459,sub-29369,True,ABIDE II
460,sub-29327,True,ABIDE II
461,sub-29363,True,ABIDE II
462,sub-29385,True,ABIDE II
463,sub-29456,True,ABIDE II
464,sub-29433,True,ABIDE II
465,sub-29480,True,ABIDE II
466,sub-29378,True,ABIDE II
467,sub-29396,True,ABIDE II
468,sub-29445,True,ABIDE II
469,sub-29291,True,ABIDE II
470,sub-29442,True,ABIDE II
471,sub-29283,True,ABIDE II
472,sub-29383,True,ABIDE II
473,sub-29391,True,ABIDE II
474,sub-29351,True,ABIDE II
475,sub-29298,True,ABIDE II
476,sub-29382,True,ABIDE II
477,sub-29365,True,ABIDE II
478,sub-29287,True,ABIDE II
479,sub-29417,True,ABIDE II
480,sub-29392,True,ABIDE II
481,sub-29355,True,ABIDE II
482,sub-29373,True,ABIDE II
483,sub-29354,True,ABIDE II
484,sub-29302,True,ABIDE II
485,sub-29322,True,ABIDE II
486,sub-29411,True,ABIDE II
487,sub-29460,True,ABIDE II
488,sub-29404,True,ABIDE II
489,sub-29360,True,ABIDE II
490,sub-29284,True,ABIDE II
491,sub-29479,True,ABIDE II
492,sub-29346,True,ABIDE II
493,sub-29469,True,ABIDE II
494,sub-29326,True,ABIDE II
495,sub-29335,True,ABIDE II
496,sub-29381,True,ABIDE II
497,sub-29303,True,ABIDE II
498,sub-29372,True,ABIDE II
499,sub-29462,True,ABIDE II
500,sub-29459,True,ABIDE II
501,sub-29438,True,ABIDE II
502,sub-29412,True,ABIDE II
503,sub-29320,True,ABIDE II
504,sub-29429,True,ABIDE II
505,sub-29312,True,ABIDE II
506,sub-29375,True,ABIDE II
507,sub-29370,True,ABIDE II
508,sub-29425,True,ABIDE II
509,sub-29463,True,ABIDE II
510,sub-29323,True,ABIDE II
511,sub-29483,True,ABIDE II
512,sub-29395,True,ABIDE II
513,sub-29301,True,ABIDE II
514,sub-29415,True,ABIDE II
515,sub-29403,True,ABIDE II
516,sub-29348,True,ABIDE II
517,sub-29356,True,ABIDE II
518,sub-29296,True,ABIDE II
519,sub-29464,True,ABIDE II
520,sub-29379,True,ABIDE II
521,sub-29420,True,ABIDE II
522,sub-29305,True,ABIDE II
523,sub-29315,True,ABIDE II
524,sub-29394,True,ABIDE II
525,sub-29366,True,ABIDE II
526,sub-29338,True,ABIDE II
527,sub-29342,True,ABIDE II
528,sub-29337,True,ABIDE II
529,sub-29286,True,ABIDE II
530,sub-29328,True,ABIDE II
531,sub-29318,True,ABIDE II
532,sub-29466,True,ABIDE II
533,sub-29424,True,ABIDE II
534,sub-29457,True,ABIDE II
535,sub-29440,True,ABIDE II
536,sub-29359,True,ABIDE II
537,sub-29330,True,ABIDE II
538,sub-29437,True,ABIDE II
539,sub-29451,True,ABIDE II
540,sub-29344,True,ABIDE II
541,sub-29275,True,ABIDE II
542,sub-29447,True,ABIDE II
543,sub-29468,True,ABIDE II
544,sub-29397,True,ABIDE II
545,sub-29467,True,ABIDE II
546,sub-29273,True,ABIDE II
547,sub-29421,True,ABIDE II
548,sub-29484,True,ABIDE II
549,sub-29292,True,ABIDE II
550,sub-29407,True,ABIDE II
551,sub-29350,True,ABIDE II
552,sub-29279,True,ABIDE II
553,sub-29276,True,ABIDE II
554,sub-29357,True,ABIDE II
555,sub-29413,True,ABIDE II
556,sub-29454,True,ABIDE II
557,sub-29316,True,ABIDE II
558,sub-29402,True,ABIDE II
559,sub-29353,True,ABIDE II
560,sub-29368,True,ABIDE II
561,sub-29282,True,ABIDE II
562,sub-29661,True,ABIDE II
563,sub-29796,True,ABIDE II
564,sub-29799,True,ABIDE II
565,sub-29676,True,ABIDE II
566,sub-29797,True,ABIDE II
567,sub-29665,True,ABIDE II
568,sub-29662,True,ABIDE II
569,sub-29664,True,ABIDE II
570,sub-29798,True,ABIDE II
571,sub-29657,True,ABIDE II
572,sub-29656,True,ABIDE II
573,sub-29794,True,ABIDE II
574,sub-29675,True,ABIDE II
575,sub-29800,True,ABIDE II
576,sub-29667,True,ABIDE II
577,sub-29669,True,ABIDE II
578,sub-29668,True,ABIDE II
579,sub-29660,True,ABIDE II
580,sub-29666,True,ABIDE II
581,sub-29677,True,ABIDE II
582,sub-29679,True,ABIDE II
583,sub-29674,True,ABIDE II
584,sub-29670,True,ABIDE II
585,sub-29795,True,ABIDE II
586,sub-29658,True,ABIDE II
587,sub-29671,True,ABIDE II
588,sub-29678,True,ABIDE II
589,sub-29659,True,ABIDE II
590,sub-29247,True,ABIDE II
591,sub-29219,True,ABIDE II
592,sub-29184,True,ABIDE II
593,sub-29227,True,ABIDE II
594,sub-29237,True,ABIDE II
595,sub-29241,True,ABIDE II
596,sub-29232,True,ABIDE II
597,sub-29246,True,ABIDE II
598,sub-29254,True,ABIDE II
599,sub-29210,True,ABIDE II
600,sub-29216,True,ABIDE II
601,sub-29186,True,ABIDE II
602,sub-29230,True,ABIDE II
603,sub-29222,True,ABIDE II
604,sub-29179,True,ABIDE II
605,sub-29221,True,ABIDE II
606,sub-29223,True,ABIDE II
607,sub-29200,True,ABIDE II
608,sub-29233,True,ABIDE II
609,sub-29245,True,ABIDE II
610,sub-29243,True,ABIDE II
611,sub-29238,True,ABIDE II
612,sub-29205,True,ABIDE II
613,sub-29189,True,ABIDE II
614,sub-29225,True,ABIDE II
615,sub-29218,True,ABIDE II
616,sub-29185,True,ABIDE II
617,sub-29190,True,ABIDE II
618,sub-29211,True,ABIDE II
619,sub-29208,True,ABIDE II
620,sub-29191,True,ABIDE II
621,sub-29220,True,ABIDE II
622,sub-29248,True,ABIDE II
623,sub-29199,True,ABIDE II
624,sub-29213,True,ABIDE II
625,sub-29196,True,ABIDE II
626,sub-29250,True,ABIDE II
627,sub-29202,True,ABIDE II
628,sub-29252,True,ABIDE II
629,sub-29193,True,ABIDE II
630,sub-29229,True,ABIDE II
631,sub-29194,True,ABIDE II
632,sub-29197,True,ABIDE II
633,sub-29201,True,ABIDE II
634,sub-29234,True,ABIDE II
635,sub-29183,True,ABIDE II
636,sub-29242,True,ABIDE II
637,sub-29181,True,ABIDE II
638,sub-29209,True,ABIDE II
639,sub-29251,True,ABIDE II
640,sub-29178,True,ABIDE II
641,sub-29253,True,ABIDE II
642,sub-29235,True,ABIDE II
643,sub-29188,True,ABIDE II
644,sub-29203,True,ABIDE II
645,sub-29192,True,ABIDE II
646,sub-29215,True,ABIDE II
647,sub-29198,True,ABIDE II
648,sub-29212,True,ABIDE II
649,sub-29236,True,ABIDE II
650,sub-29239,True,ABIDE II
651,sub-29224,True,ABIDE II
652,sub-29244,True,ABIDE II
653,sub-29177,True,ABIDE II
654,sub-29226,True,ABIDE II
655,sub-29206,True,ABIDE II
656,sub-29195,True,ABIDE II
657,sub-29182,True,ABIDE II
658,sub-29204,True,ABIDE II
659,sub-29180,True,ABIDE II
660,sub-29217,True,ABIDE II
661,sub-29228,True,ABIDE II
662,sub-29187,True,ABIDE II
663,sub-29249,True,ABIDE II
664,sub-29231,True,ABIDE II
665,sub-29240,True,ABIDE II
666,sub-29214,True,ABIDE II
667,sub-29207,True,ABIDE II
668,sub-29174,True,ABIDE II
669,sub-29175,True,ABIDE II
670,sub-29162,True,ABIDE II
671,sub-29171,True,ABIDE II
672,sub-29155,True,ABIDE II
673,sub-29167,True,ABIDE II
674,sub-29169,True,ABIDE II
675,sub-29160,True,ABIDE II
676,sub-29172,True,ABIDE II
677,sub-29173,True,ABIDE II
678,sub-29158,True,ABIDE II
679,sub-29154,True,ABIDE II
680,sub-29163,True,ABIDE II
681,sub-29152,True,ABIDE II
682,sub-29156,True,ABIDE II
683,sub-29164,True,ABIDE II
684,sub-29157,True,ABIDE II
685,sub-29168,True,ABIDE II
686,sub-29170,True,ABIDE II
687,sub-29161,True,ABIDE II
688,sub-29159,True,ABIDE II
689,sub-29165,True,ABIDE II
690,sub-29153,True,ABIDE II
691,sub-29176,True,ABIDE II
692,sub-29151,True,ABIDE II
693,sub-29150,True,ABIDE II
694,sub-29166,True,ABIDE II
695,sub-28965,True,ABIDE II
696,sub-28944,True,ABIDE II
697,sub-28977,True,ABIDE II
698,sub-28962,True,ABIDE II
699,sub-28998,True,ABIDE II
700,sub-29005,True,ABIDE II
701,sub-28941,True,ABIDE II
702,sub-28995,True,ABIDE II
703,sub-28960,True,ABIDE II
704,sub-28920,True,ABIDE II
705,sub-28952,True,ABIDE II
706,sub-30163,True,ABIDE II
707,sub-28961,True,ABIDE II
708,sub-28950,True,ABIDE II
709,sub-28924,True,ABIDE II
710,sub-28979,True,ABIDE II
711,sub-28992,True,ABIDE II
712,sub-28947,True,ABIDE II
713,sub-28996,True,ABIDE II
714,sub-28925,True,ABIDE II
715,sub-28939,True,ABIDE II
716,sub-28969,True,ABIDE II
717,sub-28976,True,ABIDE II
718,sub-28927,True,ABIDE II
719,sub-28982,True,ABIDE II
720,sub-30161,True,ABIDE II
721,sub-30155,True,ABIDE II
722,sub-28963,True,ABIDE II
723,sub-28956,True,ABIDE II
724,sub-28958,True,ABIDE II
725,sub-28990,True,ABIDE II
726,sub-28971,True,ABIDE II
727,sub-28974,True,ABIDE II
728,sub-28975,True,ABIDE II
729,sub-28948,True,ABIDE II
730,sub-30158,True,ABIDE II
731,sub-28953,True,ABIDE II
732,sub-28935,True,ABIDE II
733,sub-28955,True,ABIDE II
734,sub-28973,True,ABIDE II
735,sub-28951,True,ABIDE II
736,sub-28972,True,ABIDE II
737,sub-30167,True,ABIDE II
738,sub-28943,True,ABIDE II
739,sub-28926,True,ABIDE II
740,sub-28933,True,ABIDE II
741,sub-28991,True,ABIDE II
742,sub-28988,True,ABIDE II
743,sub-30162,True,ABIDE II
744,sub-28984,True,ABIDE II
745,sub-28942,True,ABIDE II
746,sub-28970,True,ABIDE II
747,sub-28980,True,ABIDE II
748,sub-29001,True,ABIDE II
749,sub-30164,True,ABIDE II
750,sub-28937,True,ABIDE II
751,sub-28987,True,ABIDE II
752,sub-28930,True,ABIDE II
753,sub-30157,True,ABIDE II
754,sub-28999,True,ABIDE II
755,sub-28983,True,ABIDE II
756,sub-28936,True,ABIDE II
757,sub-28938,True,ABIDE II
758,sub-28966,True,ABIDE II
759,sub-28964,True,ABIDE II
760,sub-30159,True,ABIDE II
761,sub-29002,True,ABIDE II
762,sub-30160,True,ABIDE II
763,sub-30165,True,ABIDE II
764,sub-29003,True,ABIDE II
765,sub-28934,True,ABIDE II
766,sub-28986,True,ABIDE II
767,sub-29004,True,ABIDE II
768,sub-28967,True,ABIDE II
769,sub-28949,True,ABIDE II
770,sub-28940,True,ABIDE II
771,sub-28957,True,ABIDE II
772,sub-29000,True,ABIDE II
773,sub-28931,True,ABIDE II
774,sub-28978,True,ABIDE II
775,sub-28946,True,ABIDE II
776,sub-30154,True,ABIDE II
777,sub-30166,True,ABIDE II
778,sub-30156,True,ABIDE II
779,sub-28994,True,ABIDE II
780,sub-28985,True,ABIDE II
781,sub-28989,True,ABIDE II
782,sub-28993,True,ABIDE II
783,sub-28945,True,ABIDE II
784,sub-28981,True,ABIDE II
785,sub-28968,True,ABIDE II
786,sub-28997,True,ABIDE II
787,sub-28954,True,ABIDE II
788,sub-28698,True,ABIDE II
789,sub-28690,True,ABIDE II
790,sub-28675,True,ABIDE II
791,sub-28716,True,ABIDE II
792,sub-28689,True,ABIDE II
793,sub-28685,True,ABIDE II
795,sub-28713,True,ABIDE II
796,sub-28728,True,ABIDE II
797,sub-28682,True,ABIDE II
799,sub-28726,True,ABIDE II
800,sub-28706,True,ABIDE II
801,sub-28693,True,ABIDE II
802,sub-28718,True,ABIDE II
803,sub-28710,True,ABIDE II
805,sub-28687,True,ABIDE II
806,sub-28678,True,ABIDE II
807,sub-28721,True,ABIDE II
808,sub-28732,True,ABIDE II
809,sub-28699,True,ABIDE II
810,sub-28730,True,ABIDE II
811,sub-28677,True,ABIDE II
812,sub-28694,True,ABIDE II
813,sub-28686,True,ABIDE II
814,sub-28715,True,ABIDE II
815,sub-28697,True,ABIDE II
816,sub-28700,True,ABIDE II
817,sub-28719,True,ABIDE II
818,sub-28705,True,ABIDE II
819,sub-28705,True,ABIDE II
820,sub-28692,True,ABIDE II
821,sub-28708,True,ABIDE II
822,sub-28701,True,ABIDE II
823,sub-28731,True,ABIDE II
824,sub-28703,True,ABIDE II
825,sub-28691,True,ABIDE II
826,sub-28723,True,ABIDE II
827,sub-28680,True,ABIDE II
828,sub-28695,True,ABIDE II
829,sub-28722,True,ABIDE II
830,sub-28717,True,ABIDE II
831,sub-28688,True,ABIDE II
833,sub-28711,True,ABIDE II
834,sub-28676,True,ABIDE II
835,sub-28684,True,ABIDE II
836,sub-28704,True,ABIDE II
838,sub-28712,True,ABIDE II
839,sub-28729,True,ABIDE II
840,sub-28727,True,ABIDE II
841,sub-28702,True,ABIDE II
842,sub-28707,True,ABIDE II
844,sub-28683,True,ABIDE II
845,sub-28725,True,ABIDE II
846,sub-28724,True,ABIDE II
847,sub-28679,True,ABIDE II
848,sub-28733,True,ABIDE II
849,sub-28696,True,ABIDE II
851,sub-28681,True,ABIDE II
852,sub-28720,True,ABIDE II
853,sub-28709,True,ABIDE II
854,sub-28714,True,ABIDE II
855,sub-28878,True,ABIDE II
856,sub-28877,True,ABIDE II
857,sub-28882,True,ABIDE II
858,sub-28870,True,ABIDE II
859,sub-28902,True,ABIDE II
860,sub-28871,True,ABIDE II
861,sub-28905,True,ABIDE II
862,sub-28884,True,ABIDE II
863,sub-28883,True,ABIDE II
864,sub-28857,True,ABIDE II
865,sub-28903,True,ABIDE II
866,sub-28880,True,ABIDE II
867,sub-28865,True,ABIDE II
868,sub-28886,True,ABIDE II
869,sub-28898,True,ABIDE II
870,sub-28896,True,ABIDE II
871,sub-28887,True,ABIDE II
872,sub-28875,True,ABIDE II
873,sub-28856,True,ABIDE II
874,sub-28858,True,ABIDE II
875,sub-28854,True,ABIDE II
876,sub-28863,True,ABIDE II
877,sub-28861,True,ABIDE II
878,sub-28901,True,ABIDE II
879,sub-28908,True,ABIDE II
880,sub-28876,True,ABIDE II
881,sub-28869,True,ABIDE II
882,sub-28906,True,ABIDE II
883,sub-28853,True,ABIDE II
884,sub-28885,True,ABIDE II
885,sub-28888,True,ABIDE II
886,sub-28873,True,ABIDE II
887,sub-28874,True,ABIDE II
888,sub-28872,True,ABIDE II
889,sub-28864,True,ABIDE II
890,sub-28897,True,ABIDE II
891,sub-28868,True,ABIDE II
892,sub-28881,True,ABIDE II
893,sub-28891,True,ABIDE II
894,sub-28907,True,ABIDE II
895,sub-28900,True,ABIDE II
896,sub-28909,True,ABIDE II
897,sub-28867,True,ABIDE II
898,sub-28892,True,ABIDE II
899,sub-28852,True,ABIDE II
900,sub-28879,True,ABIDE II
901,sub-28899,True,ABIDE II
902,sub-28904,True,ABIDE II
903,sub-28862,True,ABIDE II
904,sub-28860,True,ABIDE II
905,sub-28894,True,ABIDE II
906,sub-28889,True,ABIDE II
907,sub-28895,True,ABIDE II
908,sub-28855,True,ABIDE II
909,sub-28859,True,ABIDE II
910,sub-28890,True,ABIDE II
911,sub-28866,True,ABIDE II
912,sub-28893,True,ABIDE II
913,sub-29108,True,ABIDE II
914,sub-29128,True,ABIDE II
915,sub-29136,True,ABIDE II
916,sub-29120,True,ABIDE II
917,sub-29116,True,ABIDE II
918,sub-29118,True,ABIDE II
919,sub-29115,True,ABIDE II
920,sub-29097,True,ABIDE II
921,sub-29111,True,ABIDE II
922,sub-29133,True,ABIDE II
923,sub-29110,True,ABIDE II
924,sub-29119,True,ABIDE II
925,sub-29098,True,ABIDE II
926,sub-29135,True,ABIDE II
927,sub-29137,True,ABIDE II
928,sub-29131,True,ABIDE II
929,sub-29117,True,ABIDE II
930,sub-29109,True,ABIDE II
931,sub-29101,True,ABIDE II
932,sub-29112,True,ABIDE II
933,sub-29129,True,ABIDE II
934,sub-29127,True,ABIDE II
935,sub-29096,True,ABIDE II
936,sub-29122,True,ABIDE II
937,sub-29124,True,ABIDE II
938,sub-29102,True,ABIDE II
939,sub-29125,True,ABIDE II
940,sub-29103,True,ABIDE II
941,sub-29107,True,ABIDE II
942,sub-29106,True,ABIDE II
943,sub-29123,True,ABIDE II
944,sub-29134,True,ABIDE II
945,sub-29113,True,ABIDE II
946,sub-29104,True,ABIDE II
947,sub-29105,True,ABIDE II
948,sub-29099,True,ABIDE II
949,sub-29132,True,ABIDE II
950,sub-29126,True,ABIDE II
951,sub-29114,True,ABIDE II
952,sub-29121,True,ABIDE II
953,sub-29130,True,ABIDE II
954,sub-29100,True,ABIDE II
955,sub-30022,True,ABIDE II
956,sub-30010,True,ABIDE II
957,sub-30012,True,ABIDE II
958,sub-30013,True,ABIDE II
959,sub-30002,True,ABIDE II
960,sub-30020,True,ABIDE II
961,sub-30014,True,ABIDE II
962,sub-30017,True,ABIDE II
963,sub-30024,True,ABIDE II
964,sub-30028,True,ABIDE II
965,sub-30000,True,ABIDE II
966,sub-30018,True,ABIDE II
967,sub-30019,True,ABIDE II
968,sub-29999,True,ABIDE II
969,sub-29997,True,ABIDE II
970,sub-30003,True,ABIDE II
971,sub-30006,True,ABIDE II
972,sub-30023,True,ABIDE II
973,sub-30005,True,ABIDE II
974,sub-30009,True,ABIDE II
975,sub-30004,True,ABIDE II
976,sub-30021,True,ABIDE II
977,sub-29998,True,ABIDE II
978,sub-30008,True,ABIDE II
979,sub-30007,True,ABIDE II
980,sub-30011,True,ABIDE II
981,sub-30015,True,ABIDE II
982,sub-30016,True,ABIDE II
983,sub-30027,True,ABIDE II
984,sub-30001,True,ABIDE II
985,sub-30026,True,ABIDE II
986,sub-30029,True,ABIDE II
987,sub-29746,True,ABIDE II
988,sub-29743,True,ABIDE II
989,sub-29736,True,ABIDE II
990,sub-29759,True,ABIDE II
991,sub-29729,True,ABIDE II
992,sub-29745,True,ABIDE II
993,sub-29744,True,ABIDE II
994,sub-29741,True,ABIDE II
995,sub-29732,True,ABIDE II
996,sub-29739,True,ABIDE II
997,sub-29756,True,ABIDE II
998,sub-29749,True,ABIDE II
999,sub-29754,True,ABIDE II
1000,sub-29755,True,ABIDE II
1001,sub-29734,True,ABIDE II
1002,sub-29747,True,ABIDE II
1003,sub-29748,True,ABIDE II
1004,sub-29738,True,ABIDE II
1005,sub-29742,True,ABIDE II
1006,sub-29751,True,ABIDE II
1007,sub-29758,True,ABIDE II
1008,sub-29728,True,ABIDE II
1009,sub-29730,True,ABIDE II
1010,sub-29757,True,ABIDE II
1011,sub-29753,True,ABIDE II
1012,sub-29750,True,ABIDE II
1013,sub-29740,True,ABIDE II
1014,sub-29731,True,ABIDE II
1015,sub-29735,True,ABIDE II
1016,sub-29733,True,ABIDE II
1017,sub-29752,True,ABIDE II
1018,sub-29737,True,ABIDE II
1019,sub-51209,True,ABIDE II
1020,sub-51209,True,ABIDE II
1021,sub-51234,True,ABIDE II
1022,sub-51234,True,ABIDE II
1023,sub-51315,True,ABIDE II
1024,sub-51315,True,ABIDE II
1025,sub-51258,True,ABIDE II
1026,sub-51258,True,ABIDE II
1027,sub-51292,True,ABIDE II
1028,sub-51292,True,ABIDE II
1029,sub-51243,True,ABIDE II
1030,sub-51243,True,ABIDE II
1031,sub-51236,True,ABIDE II
1032,sub-51236,True,ABIDE II
1033,sub-51215,True,ABIDE II
1034,sub-51215,True,ABIDE II
1035,sub-51244,True,ABIDE II
1036,sub-51244,True,ABIDE II
1037,sub-51307,True,ABIDE II
1038,sub-51307,True,ABIDE II
1039,sub-51270,True,ABIDE II
1040,sub-51270,True,ABIDE II
1041,sub-51294,True,ABIDE II
1042,sub-51294,True,ABIDE II
1043,sub-51231,True,ABIDE II
1044,sub-51231,True,ABIDE II
1045,sub-51247,True,ABIDE II
1046,sub-51247,True,ABIDE II
1047,sub-51298,True,ABIDE II
1048,sub-51298,True,ABIDE II
1049,sub-51312,True,ABIDE II
1050,sub-51312,True,ABIDE II
1051,sub-51274,True,ABIDE II
1052,sub-51274,True,ABIDE II
1053,sub-51313,True,ABIDE II
1054,sub-51313,True,ABIDE II
1055,sub-51300,True,ABIDE II
1056,sub-51300,True,ABIDE II
1057,sub-51246,True,ABIDE II
1058,sub-51246,True,ABIDE II
1059,sub-51235,True,ABIDE II
1060,sub-51235,True,ABIDE II
1061,sub-50050,True,ABIDE II
1062,sub-50050,True,ABIDE II
1063,sub-50002,True,ABIDE II
1064,sub-50002,True,ABIDE II
1065,sub-50049,True,ABIDE II
1066,sub-50049,True,ABIDE II
1067,sub-50047,True,ABIDE II
1068,sub-50047,True,ABIDE II
1069,sub-50007,True,ABIDE II
1070,sub-50007,True,ABIDE II
1071,sub-50027,True,ABIDE II
1072,sub-50027,True,ABIDE II
1073,sub-50038,True,ABIDE II
1074,sub-50038,True,ABIDE II
1075,sub-50035,True,ABIDE II
1076,sub-50035,True,ABIDE II
1077,sub-50005,True,ABIDE II
1078,sub-50005,True,ABIDE II
1079,sub-50028,True,ABIDE II
1080,sub-50028,True,ABIDE II
1081,sub-50051,True,ABIDE II
1082,sub-50051,True,ABIDE II
1083,sub-50026,True,ABIDE II
1084,sub-50026,True,ABIDE II
1085,sub-50031,True,ABIDE II
1086,sub-50031,True,ABIDE II
1087,sub-50029,True,ABIDE II
1088,sub-50029,True,ABIDE II
1089,sub-50013,True,ABIDE II
1090,sub-50013,True,ABIDE II
1091,sub-50048,True,ABIDE II
1092,sub-50048,True,ABIDE II
1093,sub-50006,True,ABIDE II
1094,sub-50006,True,ABIDE II
1095,sub-29510,True,ABIDE II
1096,sub-29515,True,ABIDE II
1097,sub-29525,True,ABIDE II
1098,sub-29516,True,ABIDE II
1099,sub-29498,True,ABIDE II
1100,sub-29518,True,ABIDE II
1101,sub-29512,True,ABIDE II
1102,sub-29514,True,ABIDE II
1103,sub-29508,True,ABIDE II
1104,sub-29502,True,ABIDE II
1105,sub-29524,True,ABIDE II
1106,sub-29504,True,ABIDE II
1107,sub-29501,True,ABIDE II
1108,sub-29506,True,ABIDE II
1109,sub-29520,True,ABIDE II
1110,sub-29495,True,ABIDE II
1111,sub-29526,True,ABIDE II
1112,sub-29500,True,ABIDE II
1113,sub-29511,True,ABIDE II
1114,sub-29497,True,ABIDE II
1115,sub-29503,True,ABIDE II
1116,sub-29522,True,ABIDE II
1117,sub-29496,True,ABIDE II
1118,sub-29499,True,ABIDE II
1119,sub-29513,True,ABIDE II
1120,sub-29505,True,ABIDE II
1121,sub-29509,True,ABIDE II
1122,sub-29521,True,ABIDE II
1123,sub-29523,True,ABIDE II
1124,sub-29517,True,ABIDE II
1125,sub-29519,True,ABIDE II
1126,sub-29507,True,ABIDE II
1127,sub-29527,True,ABIDE II
